{
  "model_name": "wWavyThin",
  "raw_target": {
    "hair_path": "data/hairmodels/wWavyThin.hair",
    "num_points": 144000,
    "num_strands_sampled": 3000
  },
  "spline": {
    "num_points_eval": 6000,
    "approx_chamfer_to_raw": 0.06729653477668762,
    "heldout_render_mse_mean": 0.018006122489977214,
    "heldout_render_mse_per_view": [
      0.021098440513014793,
      0.021422376856207848,
      0.021111801266670227,
      0.01985352486371994,
      0.017578959465026855,
      0.0164976567029953,
      0.0157073475420475,
      0.015241808257997036,
      0.013908840715885162,
      0.012901472859084606,
      0.013531981036067009,
      0.014137370511889458,
      0.01473566796630621,
      0.015629392117261887,
      0.017017826437950134,
      0.019017372280359268,
      0.019697394222021103,
      0.01958470419049263,
      0.01887086033821106,
      0.01870330423116684,
      0.018830910325050354,
      0.018977519124746323,
      0.018966887146234512,
      0.019104089587926865,
      0.0188889279961586,
      0.01881159096956253,
      0.018335312604904175,
      0.017845623195171356,
      0.018055103719234467,
      0.018600698560476303,
      0.0188278928399086,
      0.018883008509874344,
      0.01878744177520275,
      0.01912595145404339,
      0.019584421068429947,
      0.020346928387880325
    ]
  },
  "pointcloud": {
    "num_points_eval": 6000,
    "approx_chamfer_to_raw": 0.06901377439498901,
    "heldout_render_mse_mean": 0.018512808873007696,
    "heldout_render_mse_per_view": [
      0.020935852080583572,
      0.02111470326781273,
      0.02098887413740158,
      0.020062964409589767,
      0.01831437647342682,
      0.017197541892528534,
      0.01617198809981346,
      0.015256119892001152,
      0.01425155159085989,
      0.013547196984291077,
      0.014369829557836056,
      0.014960851520299911,
      0.01599869690835476,
      0.01690218225121498,
      0.017872823402285576,
      0.01957952044904232,
      0.02056969329714775,
      0.02036445587873459,
      0.01987360045313835,
      0.01973779872059822,
      0.01969967782497406,
      0.01974937692284584,
      0.019498582929372787,
      0.019481584429740906,
      0.019194345921278,
      0.01885504648089409,
      0.018507186323404312,
      0.018340647220611572,
      0.018570680171251297,
      0.019129708409309387,
      0.019429776817560196,
      0.01939602568745613,
      0.019044239073991776,
      0.019343528896570206,
      0.019730251282453537,
      0.020419839769601822
    ]
  },
  "winners": {
    "by_approx_chamfer_to_raw": "spline",
    "by_heldout_render_mse": "spline"
  },
  "notes": {
    "chamfer_is_approximate": true,
    "chamfer_subset_size": 12000,
    "heldout_views_are_offset_from_training_grid": true,
    "raster_bin_size": 0,
    "max_points_per_bin": null
  }
}