{
  "model_name": "wCurly",
  "raw_target": {
    "hair_path": "data/hairmodels/wCurly.hair",
    "num_points": 144000,
    "num_strands_sampled": 3000
  },
  "spline": {
    "num_points_eval": 6000,
    "approx_chamfer_to_raw": 0.06795711815357208,
    "heldout_render_mse_mean": 0.014087146639616953,
    "heldout_render_mse_per_view": [
      0.014806365594267845,
      0.014557916671037674,
      0.014872182160615921,
      0.014499835669994354,
      0.013325920328497887,
      0.012523087672889233,
      0.01202987041324377,
      0.012315893545746803,
      0.012512316927313805,
      0.012543766759335995,
      0.01228442694991827,
      0.011434299871325493,
      0.011512137949466705,
      0.011992271058261395,
      0.012636272236704826,
      0.013885796070098877,
      0.0143947284668684,
      0.014695506542921066,
      0.014678051695227623,
      0.014535173773765564,
      0.014577812515199184,
      0.014529112726449966,
      0.014631222002208233,
      0.015048827975988388,
      0.015499187633395195,
      0.01572609692811966,
      0.01607775315642357,
      0.016733355820178986,
      0.016809284687042236,
      0.016482286155223846,
      0.01581784337759018,
      0.015064893290400505,
      0.014018643647432327,
      0.013172554783523083,
      0.012950535863637924,
      0.01396204810589552
    ]
  },
  "pointcloud": {
    "num_points_eval": 6000,
    "approx_chamfer_to_raw": 0.06974372267723083,
    "heldout_render_mse_mean": 0.014629744251983033,
    "heldout_render_mse_per_view": [
      0.014689397066831589,
      0.014801453799009323,
      0.014914005994796753,
      0.014491157606244087,
      0.013554457575082779,
      0.013131948187947273,
      0.012671228498220444,
      0.0125810531899333,
      0.013171304017305374,
      0.013447805307805538,
      0.013245562091469765,
      0.012444591149687767,
      0.012271825224161148,
      0.012842871248722076,
      0.013556569814682007,
      0.014699464663863182,
      0.015030021779239178,
      0.015406785532832146,
      0.015698552131652832,
      0.01546697597950697,
      0.015532085672020912,
      0.015390127897262573,
      0.01560102216899395,
      0.015947353094816208,
      0.01608957163989544,
      0.016029875725507736,
      0.016583038493990898,
      0.01741001382470131,
      0.01747717335820198,
      0.01691846363246441,
      0.01616935059428215,
      0.015321492217481136,
      0.014126982539892197,
      0.013086969964206219,
      0.012975191697478294,
      0.013895049691200256
    ]
  },
  "winners": {
    "by_approx_chamfer_to_raw": "spline",
    "by_heldout_render_mse": "spline"
  },
  "notes": {
    "chamfer_is_approximate": true,
    "chamfer_subset_size": 12000,
    "heldout_views_are_offset_from_training_grid": true,
    "raster_bin_size": 0,
    "max_points_per_bin": null
  }
}