{
  "model_name": "wStraight",
  "num_curves": 500,
  "K": 12,
  "pc_points_per_curve": 12,
  "num_points": 6000,
  "num_views": 72,
  "steps_per_view": 80,
  "initial_drift": 0.5551141500473022,
  "final_drift": 0.0032654376700520515,
  "drift_reduction_pct": 99.41175384021939,
  "initial_chamfer": 0.2549267113208771,
  "final_chamfer": 0.002398904412984848,
  "time_seconds": 78.10803008079529
}