{
  "model_name": "wStraight",
  "raw_target": {
    "hair_path": "data/hairmodels/wStraight.hair",
    "num_points": 75000,
    "num_strands_sampled": 3000
  },
  "spline": {
    "num_points_eval": 6000,
    "approx_chamfer_to_raw": 0.07572850584983826,
    "heldout_render_mse_mean": 0.018137074049769178,
    "heldout_render_mse_per_view": [
      0.019335325807332993,
      0.018641214817762375,
      0.01849236898124218,
      0.01877102628350258,
      0.018735919147729874,
      0.01872943714261055,
      0.018693944439291954,
      0.018682021647691727,
      0.017735201865434647,
      0.017655013129115105,
      0.019095946103334427,
      0.019466105848550797,
      0.01925148442387581,
      0.019581492990255356,
      0.019678328186273575,
      0.018522081896662712,
      0.01747569441795349,
      0.016500383615493774,
      0.01683165691792965,
      0.01682569459080696,
      0.017203403636813164,
      0.01732691377401352,
      0.01681370660662651,
      0.015835538506507874,
      0.01549712847918272,
      0.0162053219974041,
      0.016916383057832718,
      0.017535410821437836,
      0.016404081135988235,
      0.016994167119264603,
      0.018478848040103912,
      0.019214093685150146,
      0.019889485090970993,
      0.020203784108161926,
      0.020045112818479538,
      0.019670944660902023
    ]
  },
  "pointcloud": {
    "num_points_eval": 6000,
    "approx_chamfer_to_raw": 0.07803834974765778,
    "heldout_render_mse_mean": 0.01891546929255128,
    "heldout_render_mse_per_view": [
      0.019618887454271317,
      0.018808163702487946,
      0.018737733364105225,
      0.018912140280008316,
      0.01885591447353363,
      0.018949739634990692,
      0.01916896551847458,
      0.019076041877269745,
      0.018547244369983673,
      0.019162964075803757,
      0.020906364545226097,
      0.02155073545873165,
      0.021206557750701904,
      0.020981093868613243,
      0.02054295316338539,
      0.019661379978060722,
      0.018759166821837425,
      0.017954722046852112,
      0.018508514389395714,
      0.01878308318555355,
      0.01926960051059723,
      0.01935702934861183,
      0.018465599045157433,
      0.017272502183914185,
      0.01658555492758751,
      0.016673915088176727,
      0.01703047752380371,
      0.017023108899593353,
      0.016173100098967552,
      0.016994647681713104,
      0.01853211782872677,
      0.0191048514097929,
      0.01985512673854828,
      0.020203694701194763,
      0.020065419375896454,
      0.019657783210277557
    ]
  },
  "winners": {
    "by_approx_chamfer_to_raw": "spline",
    "by_heldout_render_mse": "spline"
  },
  "notes": {
    "chamfer_is_approximate": true,
    "chamfer_subset_size": 12000,
    "heldout_views_are_offset_from_training_grid": true,
    "raster_bin_size": 0,
    "max_points_per_bin": null
  }
}