{
  "model_name": "wWavy",
  "raw_target": {
    "hair_path": "data/hairmodels/wWavy.hair",
    "num_points": 144000,
    "num_strands_sampled": 3000
  },
  "spline": {
    "num_points_eval": 6000,
    "approx_chamfer_to_raw": 0.07044046372175217,
    "heldout_render_mse_mean": 0.01695965204594864,
    "heldout_render_mse_per_view": [
      0.015232446603477001,
      0.015671413391828537,
      0.018094290047883987,
      0.019805364310741425,
      0.020930439233779907,
      0.021482035517692566,
      0.02097536437213421,
      0.020179729908704758,
      0.01925645023584366,
      0.017980653792619705,
      0.017574533820152283,
      0.016920756548643112,
      0.016195394098758698,
      0.016261059790849686,
      0.016250018030405045,
      0.01538035273551941,
      0.014608316123485565,
      0.01650092378258705,
      0.017635833472013474,
      0.017726128920912743,
      0.017437297850847244,
      0.01693447306752205,
      0.016305789351463318,
      0.015992462635040283,
      0.01590549200773239,
      0.015808865427970886,
      0.015595975331962109,
      0.015671979635953903,
      0.0156833715736866,
      0.015941880643367767,
      0.01573893055319786,
      0.015699340030550957,
      0.016115395352244377,
      0.01605842635035515,
      0.015776177868247032,
      0.01522011123597622
    ]
  },
  "pointcloud": {
    "num_points_eval": 6000,
    "approx_chamfer_to_raw": 0.07262714207172394,
    "heldout_render_mse_mean": 0.01731122991380592,
    "heldout_render_mse_per_view": [
      0.015079154632985592,
      0.015558747574687004,
      0.017934903502464294,
      0.019871786236763,
      0.02088850364089012,
      0.021909218281507492,
      0.02149765007197857,
      0.020481865853071213,
      0.019331835210323334,
      0.01757444068789482,
      0.0174015574157238,
      0.017506267875432968,
      0.017625775188207626,
      0.01752178743481636,
      0.017153460532426834,
      0.016183994710445404,
      0.015053315088152885,
      0.01694142073392868,
      0.018181543797254562,
      0.01854563318192959,
      0.01823814958333969,
      0.01789705827832222,
      0.017137859016656876,
      0.016572795808315277,
      0.01603640988469124,
      0.015789588913321495,
      0.01598883792757988,
      0.015739336609840393,
      0.01565152406692505,
      0.015638522803783417,
      0.016153614968061447,
      0.01611372083425522,
      0.016381867229938507,
      0.01639324240386486,
      0.015941720455884933,
      0.015287166461348534
    ]
  },
  "winners": {
    "by_approx_chamfer_to_raw": "spline",
    "by_heldout_render_mse": "spline"
  },
  "notes": {
    "chamfer_is_approximate": true,
    "chamfer_subset_size": 12000,
    "heldout_views_are_offset_from_training_grid": true,
    "raster_bin_size": 0,
    "max_points_per_bin": null
  }
}